studentRollNumber,studentName,scienceMarks,mathsMarks,computerMarks,englishMarks,isEligible
224,Kaleena,98,99,97,98,ToBeChecked
823,Rosamund,41,31,51,61,ToBeChecked
390,Lenna,42,32,52,62,ToBeChecked
965,Willie,43,33,53,63,ToBeChecked
430,Antonie,44,34,54,64,ToBeChecked
820,Darill,45,35,55,65,ToBeChecked
583,Zaccaria,46,36,56,66,ToBeChecked
30,Alta,47,37,57,67,ToBeChecked
886,Bartlet,48,38,58,68,ToBeChecked
110,Mikael,49,39,59,69,ToBeChecked
819,Joyann,98,99,97,97,ToBeChecked
822,Daniele,51,41,61,71,ToBeChecked
193,Myca,52,42,62,72,ToBeChecked
288,Northrup,53,43,63,73,ToBeChecked
94,Joyce,54,44,64,74,ToBeChecked
642,Marleah,55,45,65,75,ToBeChecked
709,Bentlee,56,46,66,76,ToBeChecked
538,Heywood,57,47,67,77,ToBeChecked
287,Dani,58,48,68,78,ToBeChecked
621,Borg,59,49,69,79,ToBeChecked
340,Vlad,60,50,70,80,ToBeChecked
372,Codi,61,51,71,81,ToBeChecked
635,Harold,62,52,72,82,ToBeChecked
547,Claudine,63,53,73,83,ToBeChecked
325,Robinet,64,54,74,84,ToBeChecked
74,Arturo,65,55,75,85,ToBeChecked
746,Kerry,66,56,76,86,ToBeChecked
827,Lynett,67,57,77,87,ToBeChecked
164,Germain,68,58,78,88,ToBeChecked
681,Eunice,69,59,79,89,ToBeChecked
725,Ronnie,70,60,80,90,ToBeChecked
595,Savina,71,61,81,91,ToBeChecked
443,Nolly,72,62,82,92,ToBeChecked
746,Cecilla,73,63,83,93,ToBeChecked
70,Anica,74,64,84,94,ToBeChecked
737,Deanna,75,65,85,95,ToBeChecked
551,Sergent,76,66,86,96,ToBeChecked
955,Say,77,67,87,97,ToBeChecked
103,Efrem,78,68,88,98,ToBeChecked
113,Edgar,79,69,89,99,ToBeChecked
339,Arne,97,97,99,100,ToBeChecked
116,Tammy,81,71,91,60,ToBeChecked
457,Dulsea,82,72,92,61,ToBeChecked
131,Kandace,83,73,93,62,ToBeChecked
142,Farleigh,84,74,94,63,ToBeChecked
593,Vinny,85,75,95,64,ToBeChecked
354,Pearline,86,76,96,65,ToBeChecked
871,Chantalle,87,77,97,66,ToBeChecked
496,Sheryl,88,78,98,67,ToBeChecked
401,Nial,89,79,99,68,ToBeChecked
417,Hanni,90,80,100,69,ToBeChecked
103,Cornall,91,81,50,70,ToBeChecked
185,Tiphany,92,82,51,71,ToBeChecked
180,Chris,93,83,52,72,ToBeChecked
151,Hatty,94,84,53,73,ToBeChecked
661,Esta,95,85,54,74,ToBeChecked
237,Lewie,96,86,55,75,ToBeChecked
897,Barris,97,87,56,76,ToBeChecked
417,Bianka,98,88,57,77,ToBeChecked
671,Nickie,99,89,58,78,ToBeChecked
140,Micaela,100,90,59,79,ToBeChecked
783,Zelig,40,91,60,80,ToBeChecked
453,Traver,41,92,61,81,ToBeChecked
683,Joell,42,93,62,82,ToBeChecked
660,Mohammed,43,94,63,83,ToBeChecked
830,Luciano,44,95,64,84,ToBeChecked
197,Adelice,45,96,65,85,ToBeChecked
44,Lisette,46,97,66,86,ToBeChecked
267,Liza,47,98,67,87,ToBeChecked
653,Aymer,48,99,68,88,ToBeChecked
823,Donnie,49,100,69,89,ToBeChecked
433,Randy,50,30,70,90,ToBeChecked
267,Gisella,51,31,71,91,ToBeChecked
648,Samson,52,32,72,92,ToBeChecked
851,Jaymee,53,33,73,93,ToBeChecked
805,Guilbert,54,34,74,94,ToBeChecked
816,Bobbye,55,35,75,95,ToBeChecked
529,Rozanna,56,36,76,96,ToBeChecked
50,Ermin,57,37,77,97,ToBeChecked
13,Levon,58,38,78,98,ToBeChecked
798,Hatti,59,39,79,99,ToBeChecked
916,Genny,60,40,80,100,ToBeChecked
942,Yancy,61,41,81,60,ToBeChecked
271,Cristine,62,42,82,61,ToBeChecked
611,Rosy,63,43,83,62,ToBeChecked
928,Logan,64,44,84,63,ToBeChecked
267,Jamesy,65,45,85,64,ToBeChecked
440,Terri,66,46,86,65,ToBeChecked
905,Harper,67,47,87,66,ToBeChecked
53,Juieta,68,48,88,67,ToBeChecked
644,Worden,69,49,89,68,ToBeChecked
114,Linnea,70,50,90,69,ToBeChecked
693,Tremayne,71,51,91,70,ToBeChecked
837,Ambrosi,72,52,92,71,ToBeChecked
455,Reinold,73,53,93,72,ToBeChecked
123,Pacorro,74,54,94,73,ToBeChecked
372,Debera,75,55,95,74,ToBeChecked
785,Yuri,76,56,96,75,ToBeChecked
822,Alene,77,57,97,76,ToBeChecked
165,Kass,78,58,98,77,ToBeChecked
392,Lanny,79,59,99,78,ToBeChecked
790,Brandon,80,60,100,79,ToBeChecked
787,Sabine,81,61,50,80,ToBeChecked
102,Caralie,82,62,51,81,ToBeChecked
484,Mehetabel,83,63,52,82,ToBeChecked
946,Josiah,84,64,53,83,ToBeChecked
149,Sibyl,85,65,54,84,ToBeChecked
568,Idell,86,66,55,85,ToBeChecked
24,Gerti,87,67,56,86,ToBeChecked
726,Chiarra,88,68,57,87,ToBeChecked
554,Danielle,89,69,58,88,ToBeChecked
236,Jeremy,90,70,59,89,ToBeChecked
706,Florian,91,71,60,90,ToBeChecked
228,Avictor,92,72,61,91,ToBeChecked
475,Ignacius,93,73,62,92,ToBeChecked
632,Cindra,94,74,63,93,ToBeChecked
604,Shayna,95,75,64,94,ToBeChecked
177,Danie,96,76,65,95,ToBeChecked
923,Fletcher,97,77,66,96,ToBeChecked
207,Jerry,98,78,67,97,ToBeChecked
45,Timmie,99,79,68,98,ToBeChecked
747,Meryl,100,80,69,99,ToBeChecked
340,Cullan,40,81,70,100,ToBeChecked
263,Dani,41,82,71,60,ToBeChecked
436,Daile,42,83,72,61,ToBeChecked
127,Smith,43,84,73,62,ToBeChecked
527,Ozzy,44,85,74,63,ToBeChecked
729,Harv,45,86,75,64,ToBeChecked
255,Violetta,46,87,76,65,ToBeChecked
611,Brana,47,88,77,66,ToBeChecked
349,Clair,48,89,78,67,ToBeChecked
482,Carin,49,90,79,68,ToBeChecked
114,Lila,50,91,80,69,ToBeChecked
266,Carlos,51,92,81,70,ToBeChecked
779,Joscelin,52,93,82,71,ToBeChecked
412,Alexina,53,94,83,72,ToBeChecked
105,Sherwood,54,95,84,73,ToBeChecked
660,Dallas,55,96,85,74,ToBeChecked
375,Kassie,56,97,86,75,ToBeChecked
805,Kakalina,57,98,87,76,ToBeChecked
222,Dena,58,99,88,77,ToBeChecked
65,Leshia,59,100,89,78,ToBeChecked
984,Renaud,60,30,90,79,ToBeChecked
140,Nydia,61,31,91,80,ToBeChecked
741,Roch,62,32,92,81,ToBeChecked
576,Renado,63,33,93,82,ToBeChecked
800,Lynne,64,34,94,83,ToBeChecked
190,Sherye,65,35,95,84,ToBeChecked
614,Monroe,66,36,96,85,ToBeChecked
712,Nichole,67,37,97,86,ToBeChecked
400,Caddric,68,38,98,87,ToBeChecked
108,Pammy,69,39,99,88,ToBeChecked
933,Brod,70,40,100,89,ToBeChecked
895,Edythe,71,41,50,90,ToBeChecked
944,Griffie,72,42,51,91,ToBeChecked
278,Joane,73,43,52,92,ToBeChecked
197,Idelle,74,44,53,93,ToBeChecked
95,Royall,75,45,54,94,ToBeChecked
840,Karisa,76,46,55,95,ToBeChecked
704,Terese,77,47,56,96,ToBeChecked
300,Evie,78,48,57,97,ToBeChecked
177,Clementina,79,49,58,98,ToBeChecked
700,Brianna,80,50,59,99,ToBeChecked
624,Dukey,81,51,60,100,ToBeChecked
751,Del,82,52,61,60,ToBeChecked
849,Fredek,83,53,62,61,ToBeChecked
28,Ransom,84,54,63,62,ToBeChecked
772,Phil,85,55,64,63,ToBeChecked
276,Iseabal,86,56,65,64,ToBeChecked
432,Demott,87,57,66,65,ToBeChecked
540,Lezlie,88,58,67,66,ToBeChecked
981,Steward,89,59,68,67,ToBeChecked
116,Jerrold,90,60,69,68,ToBeChecked
8,Rollo,91,61,70,69,ToBeChecked
626,Lissa,92,62,71,70,ToBeChecked
236,Bartolemo,93,63,72,71,ToBeChecked
798,Dee,94,64,73,72,ToBeChecked
537,Myriam,95,65,74,73,ToBeChecked
123,Violette,96,66,75,74,ToBeChecked
308,Wallis,97,67,76,75,ToBeChecked
57,Chilton,98,68,77,76,ToBeChecked
459,Klara,99,69,78,77,ToBeChecked
287,Maribel,100,70,79,78,ToBeChecked
563,Cami,40,71,80,79,ToBeChecked
777,Marwin,41,72,81,80,ToBeChecked
511,Jacques,42,73,82,81,ToBeChecked
631,Francine,43,74,83,82,ToBeChecked
643,Britt,44,75,84,83,ToBeChecked
946,Jacqui,45,76,85,84,ToBeChecked
532,Genia,46,77,86,85,ToBeChecked
92,Lexis,47,78,87,86,ToBeChecked
743,Shem,48,79,88,87,ToBeChecked
579,Tobey,49,80,89,88,ToBeChecked
38,Sunny,50,81,90,89,ToBeChecked
70,Ansley,51,82,91,90,ToBeChecked
611,Eloise,52,83,92,91,ToBeChecked
511,Dore,53,84,93,92,ToBeChecked
737,Calley,54,85,94,93,ToBeChecked
521,Freddy,55,86,95,94,ToBeChecked
282,Heindrick,56,87,96,95,ToBeChecked
881,Christine,57,88,97,96,ToBeChecked
817,Esma,58,89,98,97,ToBeChecked
555,Garnette,59,90,99,98,ToBeChecked
967,Jdavie,60,91,100,99,ToBeChecked
934,Dorie,61,92,50,100,ToBeChecked
589,Ethelyn,62,93,51,60,ToBeChecked
495,Ermina,63,94,52,61,ToBeChecked
595,Axe,64,95,53,62,ToBeChecked
774,Felicdad,65,96,54,63,ToBeChecked
466,Chad,66,97,55,64,ToBeChecked
313,Pier,67,98,56,65,ToBeChecked
744,Sterne,68,99,57,66,ToBeChecked
427,Pamella,69,100,58,67,ToBeChecked
647,Daniel,70,30,59,68,ToBeChecked
769,Lorry,71,31,60,69,ToBeChecked
714,Uriel,72,32,61,70,ToBeChecked
211,Glenden,73,33,62,71,ToBeChecked
618,Jackqueline,74,34,63,72,ToBeChecked
655,Zacharias,75,35,64,73,ToBeChecked
206,Christian,76,36,65,74,ToBeChecked
182,Kimberlyn,77,37,66,75,ToBeChecked
294,Hildegaard,78,38,67,76,ToBeChecked
955,Mikey,79,39,68,77,ToBeChecked
882,Emelina,80,40,69,78,ToBeChecked
894,Carling,81,41,70,79,ToBeChecked
642,Gunter,82,42,71,80,ToBeChecked
240,Jacobo,83,43,72,81,ToBeChecked
744,Ira,84,44,73,82,ToBeChecked
172,Aile,85,45,74,83,ToBeChecked
719,Ellyn,86,46,75,84,ToBeChecked
878,Emmalynn,87,47,76,85,ToBeChecked
802,Brinn,88,48,77,86,ToBeChecked
432,Berthe,89,49,78,87,ToBeChecked
771,Milt,90,50,79,88,ToBeChecked
83,Whitaker,91,51,80,89,ToBeChecked
357,Tatum,92,52,81,90,ToBeChecked
356,Westley,93,53,82,91,ToBeChecked
226,Regan,94,54,83,92,ToBeChecked
408,Calvin,95,55,84,93,ToBeChecked
703,Delphine,96,56,85,94,ToBeChecked
153,Elyse,97,57,86,95,ToBeChecked
326,Travis,98,58,87,96,ToBeChecked
688,Prescott,99,59,88,97,ToBeChecked
711,Gerald,100,60,89,98,ToBeChecked
428,Collin,40,61,90,99,ToBeChecked
68,Maxi,41,62,91,100,ToBeChecked
446,Judah,42,63,92,60,ToBeChecked
112,Wilmer,43,64,93,61,ToBeChecked
992,Betsy,44,65,94,62,ToBeChecked
416,Bethena,45,66,95,63,ToBeChecked
515,Theobald,46,67,96,64,ToBeChecked
861,Bonni,47,68,97,65,ToBeChecked
620,Hewe,48,69,98,66,ToBeChecked
683,Eryn,49,70,99,67,ToBeChecked
306,Celka,50,71,100,68,ToBeChecked
321,Ruthie,51,72,50,69,ToBeChecked
637,Zena,52,73,51,70,ToBeChecked
724,Markus,53,74,52,71,ToBeChecked
46,Vite,54,75,53,72,ToBeChecked
390,Cora,55,76,54,73,ToBeChecked
815,Carlota,56,77,55,74,ToBeChecked
203,Susie,57,78,56,75,ToBeChecked
590,Bernice,58,79,57,76,ToBeChecked
335,Dennet,59,80,58,77,ToBeChecked
684,Sharla,60,81,59,78,ToBeChecked
325,Rebeka,61,82,60,79,ToBeChecked
871,Ethelda,62,83,61,80,ToBeChecked
126,Yalonda,63,84,62,81,ToBeChecked
837,Bernice,64,85,63,82,ToBeChecked
275,Elladine,65,86,64,83,ToBeChecked
246,Loree,66,87,65,84,ToBeChecked
92,Joel,67,88,66,85,ToBeChecked
968,Benni,68,89,67,86,ToBeChecked
436,Hamlen,69,90,68,87,ToBeChecked
923,Emmalynne,70,91,69,88,ToBeChecked
645,Flint,71,92,70,89,ToBeChecked
889,Wilmer,72,93,71,90,ToBeChecked
576,Nedi,73,94,72,91,ToBeChecked
164,Ly,74,95,73,92,ToBeChecked
921,Franchot,75,96,74,93,ToBeChecked
891,Alphonso,76,97,75,94,ToBeChecked
396,Timmie,77,98,76,95,ToBeChecked
436,Karlene,78,99,77,96,ToBeChecked
361,Ingunna,79,100,78,97,ToBeChecked
606,Leila,80,30,79,98,ToBeChecked
57,Julita,81,31,80,99,ToBeChecked
950,Annadiana,82,32,81,100,ToBeChecked
812,Der,83,33,82,60,ToBeChecked
709,Blondell,84,34,83,61,ToBeChecked
922,Malia,85,35,84,62,ToBeChecked
310,Woody,86,36,85,63,ToBeChecked
856,Ailina,87,37,86,64,ToBeChecked
265,Joyann,88,38,87,65,ToBeChecked
375,Marylou,89,39,88,66,ToBeChecked
763,Beatrisa,90,40,89,67,ToBeChecked
608,Marmaduke,91,41,90,68,ToBeChecked
880,Marjie,92,42,91,69,ToBeChecked
434,Cory,93,43,92,70,ToBeChecked
37,Karrie,94,44,93,71,ToBeChecked
127,Joy,95,45,94,72,ToBeChecked
580,Janey,96,46,95,73,ToBeChecked
676,Jessey,97,47,96,74,ToBeChecked
201,Avie,98,48,97,75,ToBeChecked
304,Mile,99,49,98,76,ToBeChecked
113,Lucille,100,50,99,77,ToBeChecked
951,Danni,40,51,100,78,ToBeChecked
592,Juli,41,52,50,79,ToBeChecked
426,Shannon,42,53,51,80,ToBeChecked
1,Devonne,43,54,52,81,ToBeChecked
514,Ava,44,55,53,82,ToBeChecked
579,Layney,45,56,54,83,ToBeChecked
498,York,46,57,55,84,ToBeChecked
298,Marcelline,47,58,56,85,ToBeChecked
610,Calvin,48,59,57,86,ToBeChecked
348,Wendall,49,60,58,87,ToBeChecked
786,Erinn,50,61,59,88,ToBeChecked
948,Milena,51,62,60,89,ToBeChecked
167,Bartram,52,63,61,90,ToBeChecked
973,Lauritz,53,64,62,91,ToBeChecked
318,Gualterio,54,65,63,92,ToBeChecked
720,Farley,55,66,64,93,ToBeChecked
343,Justis,56,67,65,94,ToBeChecked
533,Robbin,57,68,66,95,ToBeChecked
638,Hynda,58,69,67,96,ToBeChecked
951,Cherry,59,70,68,97,ToBeChecked
390,Andrej,60,71,69,98,ToBeChecked
834,Tucky,61,72,70,99,ToBeChecked
399,Kellina,62,73,71,100,ToBeChecked
252,Clementius,63,74,72,60,ToBeChecked
347,Cassaundra,64,75,73,61,ToBeChecked
823,Dorie,65,76,74,62,ToBeChecked
747,Rene,66,77,75,63,ToBeChecked
828,Eldredge,67,78,76,64,ToBeChecked
702,Mohandas,68,79,77,65,ToBeChecked
761,Cletis,69,80,78,66,ToBeChecked
255,Alexandre,70,81,79,67,ToBeChecked
125,Bonnee,71,82,80,68,ToBeChecked
732,Cathlene,72,83,81,69,ToBeChecked
524,Falkner,73,84,82,70,ToBeChecked
196,Bartolomeo,74,85,83,71,ToBeChecked
609,Melanie,75,86,84,72,ToBeChecked
477,Holli,76,87,85,73,ToBeChecked
300,Son,77,88,86,74,ToBeChecked
2,Addia,78,89,87,75,ToBeChecked
408,Kellie,79,90,88,76,ToBeChecked
945,Bogart,80,91,89,77,ToBeChecked
209,Laurena,81,92,90,78,ToBeChecked
107,Dedie,82,93,91,79,ToBeChecked
329,Brendon,83,94,92,80,ToBeChecked
962,Debbie,84,95,93,81,ToBeChecked
867,Milka,85,96,94,82,ToBeChecked
599,Crista,86,97,95,83,ToBeChecked
414,Siusan,87,98,96,84,ToBeChecked
306,Clare,88,99,97,85,ToBeChecked
917,Bobine,89,100,98,86,ToBeChecked
975,Minne,90,30,99,87,ToBeChecked
436,Valenka,91,31,100,88,ToBeChecked
646,Gipsy,92,32,50,89,ToBeChecked
444,Bartholomeo,93,33,51,90,ToBeChecked
364,Giovanna,94,34,52,91,ToBeChecked
596,Bev,95,35,53,92,ToBeChecked
804,Dallas,96,36,54,93,ToBeChecked
644,Ami,97,37,55,94,ToBeChecked
878,Hall,98,38,56,95,ToBeChecked
531,Evelyn,99,39,57,96,ToBeChecked
365,Jessika,100,40,58,97,ToBeChecked
433,Emmi,40,41,59,98,ToBeChecked
962,Donall,41,42,60,99,ToBeChecked
488,Peggi,42,43,61,100,ToBeChecked
419,Kanya,43,44,62,60,ToBeChecked
424,Borg,44,45,63,61,ToBeChecked
745,Else,45,46,64,62,ToBeChecked
452,Cori,46,47,65,63,ToBeChecked
601,Thaddus,47,48,66,64,ToBeChecked
890,Myriam,48,49,67,65,ToBeChecked
105,Meridith,49,50,68,66,ToBeChecked
177,Chic,50,51,69,67,ToBeChecked
568,Terry,51,52,70,68,ToBeChecked
351,Stacy,52,53,71,69,ToBeChecked
998,Alic,53,54,72,70,ToBeChecked
643,Ethel,54,55,73,71,ToBeChecked
586,Jules,55,56,74,72,ToBeChecked
994,Violetta,56,57,75,73,ToBeChecked
101,Saraann,57,58,76,74,ToBeChecked
239,Sidnee,58,59,77,75,ToBeChecked
688,Sherline,59,60,78,76,ToBeChecked
823,Ambrose,60,61,79,77,ToBeChecked
807,Dirk,61,62,80,78,ToBeChecked
450,Enid,62,63,81,79,ToBeChecked
832,Quill,63,64,82,80,ToBeChecked
385,Dode,64,65,83,81,ToBeChecked
337,Heloise,65,66,84,82,ToBeChecked
760,Ranique,66,67,85,83,ToBeChecked
720,Myranda,67,68,86,84,ToBeChecked
60,Maribelle,68,69,87,85,ToBeChecked
606,Aidan,69,70,88,86,ToBeChecked
468,Warden,70,71,89,87,ToBeChecked
833,Duncan,71,72,90,88,ToBeChecked
732,Querida,72,73,91,89,ToBeChecked
873,Kaitlyn,73,74,92,90,ToBeChecked
9,Donielle,74,75,93,91,ToBeChecked
23,Herby,75,76,94,92,ToBeChecked
526,Royce,76,77,95,93,ToBeChecked
856,Pippa,77,78,96,94,ToBeChecked
869,Dyane,78,79,97,95,ToBeChecked
265,Travis,79,80,98,96,ToBeChecked
344,Farand,80,81,99,97,ToBeChecked
739,Melony,81,82,100,98,ToBeChecked
126,Ardelia,82,83,50,99,ToBeChecked
339,Francyne,83,84,51,100,ToBeChecked
124,Fax,84,85,52,60,ToBeChecked
291,Maura,85,86,53,61,ToBeChecked
423,Dorian,86,87,54,62,ToBeChecked
89,Cord,87,88,55,63,ToBeChecked
823,Jephthah,88,89,56,64,ToBeChecked
835,Dedra,89,90,57,65,ToBeChecked
871,Osbert,90,91,58,66,ToBeChecked
343,Alfie,91,92,59,67,ToBeChecked
968,Kaitlyn,92,93,60,68,ToBeChecked
172,Borg,93,94,61,69,ToBeChecked
659,Ursuline,94,95,62,70,ToBeChecked
780,Estevan,95,96,63,71,ToBeChecked
914,Coretta,96,97,64,72,ToBeChecked
18,Baudoin,97,98,65,73,ToBeChecked
980,Albertine,98,99,66,74,ToBeChecked
664,Levi,99,100,67,75,ToBeChecked
113,Hill,100,30,68,76,ToBeChecked
514,Paulita,40,31,69,77,ToBeChecked
135,Palm,41,32,70,78,ToBeChecked
481,Michal,42,33,71,79,ToBeChecked
816,Ly,43,34,72,80,ToBeChecked
574,Atalanta,44,35,73,81,ToBeChecked
969,Ines,45,36,74,82,ToBeChecked
122,Danyette,46,37,75,83,ToBeChecked
364,Haskell,47,38,76,84,ToBeChecked
130,Oswell,48,39,77,85,ToBeChecked
918,Demetris,49,40,78,86,ToBeChecked
295,Mel,50,41,79,87,ToBeChecked
638,Rich,51,42,80,88,ToBeChecked
899,Skip,52,43,81,89,ToBeChecked
65,Athena,53,44,82,90,ToBeChecked
204,Scott,54,45,83,91,ToBeChecked
381,Karlee,55,46,84,92,ToBeChecked
393,Rhianon,56,47,85,93,ToBeChecked
221,Kelci,57,48,86,94,ToBeChecked
961,Jaye,58,49,87,95,ToBeChecked
892,Bernadine,59,50,88,96,ToBeChecked
186,Ali,60,51,89,97,ToBeChecked
990,Fitzgerald,61,52,90,98,ToBeChecked
640,Camellia,62,53,91,99,ToBeChecked
670,Shirlene,63,54,92,100,ToBeChecked
406,Leda,64,55,93,60,ToBeChecked
114,Shaw,65,56,94,61,ToBeChecked
246,Romain,66,57,95,62,ToBeChecked
788,Basilio,67,58,96,63,ToBeChecked
223,Garik,68,59,97,64,ToBeChecked
152,Britta,69,60,98,65,ToBeChecked
255,Evelyn,70,61,99,66,ToBeChecked
680,Merv,71,62,100,67,ToBeChecked
232,Lanny,72,63,50,68,ToBeChecked
862,Birgitta,73,64,51,69,ToBeChecked
550,Julian,74,65,52,70,ToBeChecked
185,Nathaniel,75,66,53,71,ToBeChecked
851,Newton,76,67,54,72,ToBeChecked
488,Sharity,77,68,55,73,ToBeChecked
87,Rasla,78,69,56,74,ToBeChecked
714,Abie,79,70,57,75,ToBeChecked
769,Gerta,80,71,58,76,ToBeChecked
33,Windy,81,72,59,77,ToBeChecked
805,Odella,82,73,60,78,ToBeChecked
658,Marabel,83,74,61,79,ToBeChecked
45,Juditha,84,75,62,80,ToBeChecked
492,Joya,85,76,63,81,ToBeChecked
669,Leodora,86,77,64,82,ToBeChecked
910,Grethel,87,78,65,83,ToBeChecked
593,Ludwig,88,79,66,84,ToBeChecked
140,Jannel,89,80,67,85,ToBeChecked
602,Kaila,90,81,68,86,ToBeChecked
647,Pascale,91,82,69,87,ToBeChecked
700,Brittni,92,83,70,88,ToBeChecked
694,Richie,93,84,71,89,ToBeChecked
298,Henriette,94,85,72,90,ToBeChecked
502,Jody,95,86,73,91,ToBeChecked
326,Merrilee,96,87,74,92,ToBeChecked
285,Nancy,97,88,75,93,ToBeChecked
289,Bourke,98,89,76,94,ToBeChecked
499,Brand,99,90,77,95,ToBeChecked
148,Darci,100,91,78,96,ToBeChecked
84,Dorita,40,92,79,97,ToBeChecked
237,Taber,41,93,80,98,ToBeChecked
558,Jillayne,42,94,81,99,ToBeChecked
588,Malissia,43,95,82,100,ToBeChecked
737,Jarrett,44,96,83,60,ToBeChecked
983,Ulric,45,97,84,61,ToBeChecked
746,Paxton,46,98,85,62,ToBeChecked
700,Tiphanie,47,99,86,63,ToBeChecked
872,Griffie,48,100,87,64,ToBeChecked
699,Murry,49,30,88,65,ToBeChecked
849,Thibaud,50,31,89,66,ToBeChecked
825,Wynnie,51,32,90,67,ToBeChecked
723,Lorene,52,33,91,68,ToBeChecked
266,Saunder,53,34,92,69,ToBeChecked
659,Ken,54,35,93,70,ToBeChecked
2,Corbin,55,36,94,71,ToBeChecked
240,Dolores,56,37,95,72,ToBeChecked
765,Willie,57,38,96,73,ToBeChecked
353,Mill,58,39,97,74,ToBeChecked
217,Sloane,59,40,98,75,ToBeChecked
410,Sheri,60,41,99,76,ToBeChecked
338,Berrie,61,42,100,77,ToBeChecked
838,Glenden,62,43,50,78,ToBeChecked
830,Culver,63,44,51,79,ToBeChecked
372,Veronica,64,45,52,80,ToBeChecked
801,Odey,65,46,53,81,ToBeChecked
637,Paxon,66,47,54,82,ToBeChecked
532,Bernie,67,48,55,83,ToBeChecked
678,Trev,68,49,56,84,ToBeChecked
425,Hyatt,69,50,57,85,ToBeChecked
437,Cristiano,70,51,58,86,ToBeChecked
247,Jacques,71,52,59,87,ToBeChecked
523,Cob,72,53,60,88,ToBeChecked
849,Danella,73,54,61,89,ToBeChecked
913,Konstanze,74,55,62,90,ToBeChecked
334,Sidonia,75,56,63,91,ToBeChecked
685,Alexia,76,57,64,92,ToBeChecked
914,Rowan,77,58,65,93,ToBeChecked
405,Jermaine,78,59,66,94,ToBeChecked
739,Gisele,79,60,67,95,ToBeChecked
909,Juan,80,61,68,96,ToBeChecked
806,Conney,81,62,69,97,ToBeChecked
8,Stevy,82,63,70,98,ToBeChecked
16,Earvin,83,64,71,99,ToBeChecked
494,Frederick,84,65,72,100,ToBeChecked
811,Anestassia,85,66,73,60,ToBeChecked
318,Manuel,86,67,74,61,ToBeChecked
764,Rolfe,87,68,75,62,ToBeChecked
986,Clement,88,69,76,63,ToBeChecked
651,Frans,89,70,77,64,ToBeChecked
915,Rachael,90,71,78,65,ToBeChecked
625,Abbot,91,72,79,66,ToBeChecked
540,Dyana,92,73,80,67,ToBeChecked
321,Jude,93,74,81,68,ToBeChecked
970,Hillary,94,75,82,69,ToBeChecked
780,Dalton,95,76,83,70,ToBeChecked
160,Morissa,96,77,84,71,ToBeChecked
785,Kamilah,97,78,85,72,ToBeChecked
788,Fernande,98,79,86,73,ToBeChecked
631,Danni,99,80,87,74,ToBeChecked
324,Janot,100,81,88,75,ToBeChecked
200,Jameson,40,82,89,76,ToBeChecked
966,Rosaline,41,83,90,77,ToBeChecked
625,Archaimbaud,42,84,91,78,ToBeChecked
412,Valdemar,43,85,92,79,ToBeChecked
487,Channa,44,86,93,80,ToBeChecked
930,Nicolea,45,87,94,81,ToBeChecked
932,Alf,46,88,95,82,ToBeChecked
509,Marmaduke,47,89,96,83,ToBeChecked
123,Miguela,48,90,97,84,ToBeChecked
666,Harald,49,91,98,85,ToBeChecked
544,Kamillah,50,92,99,86,ToBeChecked
494,Hulda,51,93,100,87,ToBeChecked
638,Pierson,52,94,50,88,ToBeChecked
907,Phillipe,53,95,51,89,ToBeChecked
771,Kessiah,54,96,52,90,ToBeChecked
299,Sephira,55,97,53,91,ToBeChecked
613,Maybelle,56,98,54,92,ToBeChecked
461,Ashley,57,99,55,93,ToBeChecked
89,Shaylyn,58,100,56,94,ToBeChecked
673,Bertine,59,30,57,95,ToBeChecked
678,Juliane,60,31,58,96,ToBeChecked
951,Neddy,61,32,59,97,ToBeChecked
877,Eugen,62,33,60,98,ToBeChecked
794,Shurwood,63,34,61,99,ToBeChecked
100,Ceciley,64,35,62,100,ToBeChecked
735,Boyd,65,36,63,60,ToBeChecked
212,Winny,66,37,64,61,ToBeChecked
296,Burty,67,38,65,62,ToBeChecked
992,Orelie,68,39,66,63,ToBeChecked
698,Sophi,69,40,67,64,ToBeChecked
935,Mike,70,41,68,65,ToBeChecked
167,Foster,71,42,69,66,ToBeChecked
421,Rodi,72,43,70,67,ToBeChecked
455,Hazlett,73,44,71,68,ToBeChecked
982,Anstice,74,45,72,69,ToBeChecked
682,Bennett,75,46,73,70,ToBeChecked
306,Axe,76,47,74,71,ToBeChecked
746,Star,77,48,75,72,ToBeChecked
930,Miguela,78,49,76,73,ToBeChecked
596,Taffy,79,50,77,74,ToBeChecked
214,Karlis,80,51,78,75,ToBeChecked
888,Rodge,81,52,79,76,ToBeChecked
414,Latisha,82,53,80,77,ToBeChecked
361,Cello,83,54,81,78,ToBeChecked
6,Christel,84,55,82,79,ToBeChecked
885,Domini,85,56,83,80,ToBeChecked
129,Nicola,86,57,84,81,ToBeChecked
959,Jeannette,87,58,85,82,ToBeChecked
701,Hedwig,88,59,86,83,ToBeChecked
733,Albert,89,60,87,84,ToBeChecked
79,Angelique,90,61,88,85,ToBeChecked
81,Alvy,91,62,89,86,ToBeChecked
661,Reba,92,63,90,87,ToBeChecked
201,Susanetta,93,64,91,88,ToBeChecked
844,Jose,94,65,92,89,ToBeChecked
363,Meir,95,66,93,90,ToBeChecked
990,Mayne,96,67,94,91,ToBeChecked
812,Simmonds,97,68,95,92,ToBeChecked
555,Kynthia,98,69,96,93,ToBeChecked
441,Trever,99,70,97,94,ToBeChecked
79,Grantham,100,71,98,95,ToBeChecked
789,Roobbie,40,72,99,96,ToBeChecked
15,Florian,41,73,100,97,ToBeChecked
718,Seward,42,74,50,98,ToBeChecked
275,Jacky,43,75,51,99,ToBeChecked
637,Juditha,44,76,52,100,ToBeChecked
635,Bjorn,45,77,53,60,ToBeChecked
656,Nikolaus,46,78,54,61,ToBeChecked
848,Hayyim,47,79,55,62,ToBeChecked
646,Blanch,48,80,56,63,ToBeChecked
631,Kori,49,81,57,64,ToBeChecked
954,Randell,50,82,58,65,ToBeChecked
913,Ivie,51,83,59,66,ToBeChecked
524,Dorris,52,84,60,67,ToBeChecked
688,Minnnie,53,85,61,68,ToBeChecked
270,Britney,54,86,62,69,ToBeChecked
240,Ruben,55,87,63,70,ToBeChecked
253,Darill,56,88,64,71,ToBeChecked
980,Berne,57,89,65,72,ToBeChecked
141,Moise,58,90,66,73,ToBeChecked
191,Fabio,59,91,67,74,ToBeChecked
756,Mara,60,92,68,75,ToBeChecked
490,Allys,61,93,69,76,ToBeChecked
480,Bev,62,94,70,77,ToBeChecked
820,Paige,63,95,71,78,ToBeChecked
331,Alec,64,96,72,79,ToBeChecked
216,Petra,65,97,73,80,ToBeChecked
16,Dorolice,66,98,74,81,ToBeChecked
823,Whitby,67,99,75,82,ToBeChecked
85,Kristy,68,100,76,83,ToBeChecked
867,Jard,69,30,77,84,ToBeChecked
308,Marilyn,70,31,78,85,ToBeChecked
387,Simonette,71,32,79,86,ToBeChecked
416,Marne,72,33,80,87,ToBeChecked
395,Ray,73,34,81,88,ToBeChecked
576,Demetrius,74,35,82,89,ToBeChecked
188,Culley,75,36,83,90,ToBeChecked
667,Nicolai,76,37,84,91,ToBeChecked
858,Alexa,77,38,85,92,ToBeChecked
608,Roz,78,39,86,93,ToBeChecked
151,Silvan,79,40,87,94,ToBeChecked
304,Vaughn,80,41,88,95,ToBeChecked
84,Levey,81,42,89,96,ToBeChecked
354,Missie,82,43,90,97,ToBeChecked
453,Bonnibelle,83,44,91,98,ToBeChecked
700,Lidia,84,45,92,99,ToBeChecked
906,Daveen,85,46,93,100,ToBeChecked
500,Gare,86,47,94,60,ToBeChecked
68,Michaela,87,48,95,61,ToBeChecked
640,Kippy,88,49,96,62,ToBeChecked
844,Anderea,89,50,97,63,ToBeChecked
715,Josepha,90,51,98,64,ToBeChecked
821,Zack,91,52,99,65,ToBeChecked
211,Daniela,92,53,100,66,ToBeChecked
404,Bary,93,54,50,67,ToBeChecked
312,Artemus,94,55,51,68,ToBeChecked
192,Jackie,95,56,52,69,ToBeChecked
990,Marilyn,96,57,53,70,ToBeChecked
432,Pooh,97,58,54,71,ToBeChecked
344,Kinsley,98,59,55,72,ToBeChecked
458,Lia,99,60,56,73,ToBeChecked
266,Carlye,100,61,57,74,ToBeChecked
14,Cody,40,62,58,75,ToBeChecked
717,Dyna,41,63,59,76,ToBeChecked
494,Kenny,42,64,60,77,ToBeChecked
989,Cherye,43,65,61,78,ToBeChecked
923,Axe,44,66,62,79,ToBeChecked
674,Joane,45,67,63,80,ToBeChecked
909,Sal,46,68,64,81,ToBeChecked
2,Selestina,47,69,65,82,ToBeChecked
405,Shanna,48,70,66,83,ToBeChecked
134,Sileas,49,71,67,84,ToBeChecked
377,Shaw,50,72,68,85,ToBeChecked
169,Nanci,51,73,69,86,ToBeChecked
168,Garey,52,74,70,87,ToBeChecked
524,Alberto,53,75,71,88,ToBeChecked
430,Tybie,54,76,72,89,ToBeChecked
91,Gallagher,55,77,73,90,ToBeChecked
390,Gordan,56,78,74,91,ToBeChecked
805,Alva,57,79,75,92,ToBeChecked
816,Reggy,58,80,76,93,ToBeChecked
95,Dill,59,81,77,94,ToBeChecked
602,Reilly,60,82,78,95,ToBeChecked
782,Becka,61,83,79,96,ToBeChecked
535,Grace,62,84,80,97,ToBeChecked
385,Ddene,63,85,81,98,ToBeChecked
876,Stephi,64,86,82,99,ToBeChecked
941,Haskel,65,87,83,100,ToBeChecked
497,Ferguson,66,88,84,60,ToBeChecked
267,Tarra,67,89,85,61,ToBeChecked
745,Emylee,68,90,86,62,ToBeChecked
815,Gregory,69,91,87,63,ToBeChecked
346,Teirtza,70,92,88,64,ToBeChecked
478,Emerson,71,93,89,65,ToBeChecked
634,Deck,72,94,90,66,ToBeChecked
227,Briana,73,95,91,67,ToBeChecked
400,Berti,74,96,92,68,ToBeChecked
583,Derwin,75,97,93,69,ToBeChecked
779,Magnum,76,98,94,70,ToBeChecked
238,Jeremiah,77,99,95,71,ToBeChecked
185,Odille,78,100,96,72,ToBeChecked
207,Abbey,79,30,97,73,ToBeChecked
578,Fleur,80,31,98,74,ToBeChecked
324,Farleigh,81,32,99,75,ToBeChecked
937,Guglielmo,82,33,100,76,ToBeChecked
86,Keene,83,34,50,77,ToBeChecked
257,Ulrika,84,35,51,78,ToBeChecked
622,Hunfredo,85,36,52,79,ToBeChecked
527,Ashly,86,37,53,80,ToBeChecked
539,Rollin,87,38,54,81,ToBeChecked
85,Shir,88,39,55,82,ToBeChecked
519,Hazlett,89,40,56,83,ToBeChecked
850,Rozalie,90,41,57,84,ToBeChecked
73,Billy,91,42,58,85,ToBeChecked
919,Marylee,92,43,59,86,ToBeChecked
505,Ugo,93,44,60,87,ToBeChecked
871,Ninnette,94,45,61,88,ToBeChecked
247,Bent,95,46,62,89,ToBeChecked
896,Rea,96,47,63,90,ToBeChecked
900,Conney,97,48,64,91,ToBeChecked
516,Den,98,49,65,92,ToBeChecked
418,Janka,99,50,66,93,ToBeChecked
315,Joni,100,51,67,94,ToBeChecked
829,Hatti,40,52,68,95,ToBeChecked
234,Christalle,41,53,69,96,ToBeChecked
305,Cris,42,54,70,97,ToBeChecked
385,Anet,43,55,71,98,ToBeChecked
590,Sena,44,56,72,99,ToBeChecked
29,Pattin,45,57,73,100,ToBeChecked
472,Georgia,46,58,74,60,ToBeChecked
195,Bride,47,59,75,61,ToBeChecked
427,Tiebout,48,60,76,62,ToBeChecked
538,Zacharias,49,61,77,63,ToBeChecked
622,Hattie,50,62,78,64,ToBeChecked
777,Maddie,51,63,79,65,ToBeChecked
613,Maggie,52,64,80,66,ToBeChecked
542,Sharron,53,65,81,67,ToBeChecked
861,Jasper,54,66,82,68,ToBeChecked
899,Cinnamon,55,67,83,69,ToBeChecked
456,Florentia,56,68,84,70,ToBeChecked
340,Ashbey,57,69,85,71,ToBeChecked
696,Leta,58,70,86,72,ToBeChecked
881,Romain,59,71,87,73,ToBeChecked
10,Berni,60,72,88,74,ToBeChecked
404,Franky,61,73,89,75,ToBeChecked
826,Lucy,62,74,90,76,ToBeChecked
860,Cherianne,63,75,91,77,ToBeChecked
425,Hakeem,64,76,92,78,ToBeChecked
177,Neil,65,77,93,79,ToBeChecked
24,Rutter,66,78,94,80,ToBeChecked
419,Armstrong,67,79,95,81,ToBeChecked
978,Reagen,68,80,96,82,ToBeChecked
496,Dolf,69,81,97,83,ToBeChecked
677,Mab,70,82,98,84,ToBeChecked
935,Gilles,71,83,99,85,ToBeChecked
691,Claudelle,72,84,100,86,ToBeChecked
478,Mignonne,73,85,50,87,ToBeChecked
186,Jojo,74,86,51,88,ToBeChecked
8,Philippa,75,87,52,89,ToBeChecked
82,Clarey,76,88,53,90,ToBeChecked
802,Hallie,77,89,54,91,ToBeChecked
772,Malissia,78,90,55,92,ToBeChecked
138,Ingra,79,91,56,93,ToBeChecked
198,Terry,80,92,57,94,ToBeChecked
932,Dallas,81,93,58,95,ToBeChecked
165,Ennis,82,94,59,96,ToBeChecked
248,Barbra,83,95,60,97,ToBeChecked
359,Wynne,84,96,61,98,ToBeChecked
718,Tristam,85,97,62,99,ToBeChecked
213,Ethelind,86,98,63,100,ToBeChecked
633,Sibeal,87,99,64,60,ToBeChecked
527,Bartie,88,100,65,61,ToBeChecked
343,Gaston,89,30,66,62,ToBeChecked
75,Betteann,90,31,67,63,ToBeChecked
537,Dedie,91,32,68,64,ToBeChecked
811,Davy,92,33,69,65,ToBeChecked
974,Rivalee,93,34,70,66,ToBeChecked
976,Jen,94,35,71,67,ToBeChecked
437,Myrvyn,95,36,72,68,ToBeChecked
469,Sheri,96,37,73,69,ToBeChecked
782,Rosemary,97,38,74,70,ToBeChecked
632,Gwendolen,98,39,75,71,ToBeChecked
247,Yardley,99,40,76,72,ToBeChecked
362,Elvyn,100,41,77,73,ToBeChecked
223,Averyl,40,42,78,74,ToBeChecked
498,Mordy,41,43,79,75,ToBeChecked
375,Berna,42,44,80,76,ToBeChecked
787,Tildi,43,45,81,77,ToBeChecked
776,Shurlocke,44,46,82,78,ToBeChecked
762,Tony,45,47,83,79,ToBeChecked
875,Rufus,46,48,84,80,ToBeChecked
404,Vittoria,47,49,85,81,ToBeChecked
494,Corissa,48,50,86,82,ToBeChecked
966,Ethelyn,49,51,87,83,ToBeChecked
260,Sargent,50,52,88,84,ToBeChecked
264,Leilah,51,53,89,85,ToBeChecked
465,Florri,52,54,90,86,ToBeChecked
767,Lana,53,55,91,87,ToBeChecked
490,Ingamar,54,56,92,88,ToBeChecked
6,Stacey,55,57,93,89,ToBeChecked
917,Eben,56,58,94,90,ToBeChecked
287,Marj,57,59,95,91,ToBeChecked
315,Ulysses,58,60,96,92,ToBeChecked
108,Sheba,59,61,97,93,ToBeChecked
229,Isidor,60,62,98,94,ToBeChecked
601,Gabi,61,63,99,95,ToBeChecked
670,Esme,62,64,100,96,ToBeChecked
613,Frankie,63,65,50,97,ToBeChecked
654,Jarred,64,66,51,98,ToBeChecked
350,Iggie,65,67,52,99,ToBeChecked
174,Jacquelyn,66,68,53,100,ToBeChecked
601,Terrence,67,69,54,60,ToBeChecked
454,Denys,68,70,55,61,ToBeChecked
298,Kariotta,69,71,56,62,ToBeChecked
448,Devin,70,72,57,63,ToBeChecked
774,Beckie,71,73,58,64,ToBeChecked
964,Butch,72,74,59,65,ToBeChecked
210,Glennie,73,75,60,66,ToBeChecked
728,Simona,74,76,61,67,ToBeChecked
965,Cahra,75,77,62,68,ToBeChecked
132,Ashlee,76,78,63,69,ToBeChecked
761,Cally,77,79,64,70,ToBeChecked
854,Edie,78,80,65,71,ToBeChecked
368,Stavros,79,81,66,72,ToBeChecked
279,Daune,80,82,67,73,ToBeChecked
146,Timmy,81,83,68,74,ToBeChecked
366,Cassie,82,84,69,75,ToBeChecked
186,Percy,83,85,70,76,ToBeChecked
897,Sarene,84,86,71,77,ToBeChecked
986,Amerigo,85,87,72,78,ToBeChecked
732,Constantin,86,88,73,79,ToBeChecked
479,Rog,87,89,74,80,ToBeChecked
623,Miof mela,88,90,75,81,ToBeChecked
776,Marget,89,91,76,82,ToBeChecked
458,Analiese,90,92,77,83,ToBeChecked
528,Rani,91,93,78,84,ToBeChecked
881,Donna,92,94,79,85,ToBeChecked
567,Tommie,93,95,80,86,ToBeChecked
963,Cordula,94,96,81,87,ToBeChecked
118,Charley,95,97,82,88,ToBeChecked
277,Jud,96,98,83,89,ToBeChecked
577,Sissie,97,99,84,90,ToBeChecked
42,Kassi,98,100,85,91,ToBeChecked
221,Nealson,99,30,86,92,ToBeChecked
735,Donni,100,31,87,93,ToBeChecked
645,Sharona,40,32,88,94,ToBeChecked
427,Lilyan,41,33,89,95,ToBeChecked
378,Thekla,42,34,90,96,ToBeChecked
73,Link,43,35,91,97,ToBeChecked
812,Waylen,44,36,92,98,ToBeChecked
54,Aleta,45,37,93,99,ToBeChecked
595,Rhea,46,38,94,100,ToBeChecked
847,Halsey,47,39,95,60,ToBeChecked
931,Maye,48,40,96,61,ToBeChecked
429,Danice,49,41,97,62,ToBeChecked
464,Jackie,50,42,98,63,ToBeChecked
502,Mella,51,43,99,64,ToBeChecked
766,Keelby,52,44,100,65,ToBeChecked
265,Emory,53,45,50,66,ToBeChecked
586,Shane,54,46,51,67,ToBeChecked
920,Keslie,55,47,52,68,ToBeChecked
733,Bentlee,56,48,53,69,ToBeChecked
767,Pegeen,57,49,54,70,ToBeChecked
527,Selig,58,50,55,71,ToBeChecked
486,Stevy,59,51,56,72,ToBeChecked
324,Phyllys,60,52,57,73,ToBeChecked
695,Tamqrah,61,53,58,74,ToBeChecked
708,Vevay,62,54,59,75,ToBeChecked
756,Hendrika,63,55,60,76,ToBeChecked
260,Mortie,64,56,61,77,ToBeChecked
778,Doria,65,57,62,78,ToBeChecked
784,Jyoti,66,58,63,79,ToBeChecked
815,Prudence,67,59,64,80,ToBeChecked
198,Adelaide,68,60,65,81,ToBeChecked
102,Judah,69,61,66,82,ToBeChecked
261,Alfie,70,62,67,83,ToBeChecked
158,Marti,71,63,68,84,ToBeChecked
973,Kerrill,72,64,69,85,ToBeChecked
424,Kaela,73,65,70,86,ToBeChecked
457,Codi,74,66,71,87,ToBeChecked
861,Angelique,75,67,72,88,ToBeChecked
605,Arte,76,68,73,89,ToBeChecked
349,Bowie,77,69,74,90,ToBeChecked
248,Rooney,78,70,75,91,ToBeChecked
732,Binky,79,71,76,92,ToBeChecked
41,Heindrick,80,72,77,93,ToBeChecked
137,Elisha,81,73,78,94,ToBeChecked
3,Patsy,82,74,79,95,ToBeChecked
440,Ahmad,83,75,80,96,ToBeChecked
494,Jule,84,76,81,97,ToBeChecked
458,Eldredge,85,77,82,98,ToBeChecked
548,Sancho,86,78,83,99,ToBeChecked
463,Monte,87,79,84,100,ToBeChecked
122,Fred,88,80,85,60,ToBeChecked
760,Kendricks,89,81,86,61,ToBeChecked
571,Vince,90,82,87,62,ToBeChecked
198,Rudd,91,83,88,63,ToBeChecked
271,Madel,92,84,89,64,ToBeChecked
87,Robyn,93,85,90,65,ToBeChecked
862,Gayla,94,86,91,66,ToBeChecked
527,Sutton,95,87,92,67,ToBeChecked
483,Gaylene,96,88,93,68,ToBeChecked
113,Chester,97,89,94,69,ToBeChecked
223,Kaitlin,98,90,95,70,ToBeChecked
577,Aundrea,99,91,96,71,ToBeChecked
337,Douglass,100,92,97,72,ToBeChecked
331,Trixie,40,93,98,73,ToBeChecked
392,Mary,41,94,99,74,ToBeChecked
822,Rhoda,42,95,100,75,ToBeChecked
935,Elga,43,96,50,76,ToBeChecked
488,Clemente,44,97,51,77,ToBeChecked
409,Alden,45,98,52,78,ToBeChecked
729,Kerwinn,46,99,53,79,ToBeChecked
491,Kamila,47,100,54,80,ToBeChecked
224,Laurianne,48,30,55,81,ToBeChecked
863,Haleigh,49,31,56,82,ToBeChecked
322,Irvin,50,32,57,83,ToBeChecked
13,Hilliard,51,33,58,84,ToBeChecked
510,Brittani,52,34,59,85,ToBeChecked
212,Liana,53,35,60,86,ToBeChecked
490,Corina,54,36,61,87,ToBeChecked
666,Shelley,55,37,62,88,ToBeChecked
558,Sigismund,56,38,63,89,ToBeChecked
975,Maryjane,57,39,64,90,ToBeChecked
282,Diana,58,40,65,91,ToBeChecked
269,Lorelle,59,41,66,92,ToBeChecked
193,Constantin,60,42,67,93,ToBeChecked
10,Ly,61,43,68,94,ToBeChecked
420,Rhoda,62,44,69,95,ToBeChecked
112,Theda,63,45,70,96,ToBeChecked
198,Donn,64,46,71,97,ToBeChecked
298,Broddie,65,47,72,98,ToBeChecked
743,Adams,66,48,73,99,ToBeChecked
773,Marita,67,49,74,100,ToBeChecked
151,Jessie,68,50,75,60,ToBeChecked
680,Dame,69,51,76,61,ToBeChecked
509,Phyllis,70,52,77,62,ToBeChecked
180,Connie,71,53,78,63,ToBeChecked
12,Andromache,72,54,79,64,ToBeChecked
380,Darelle,73,55,80,65,ToBeChecked
454,Reba,74,56,81,66,ToBeChecked
242,Jody,75,57,82,67,ToBeChecked
830,Codi,76,58,83,68,ToBeChecked
786,Carleen,77,59,84,69,ToBeChecked
130,Jameson,78,60,85,70,ToBeChecked
109,Giovanna,79,61,86,71,ToBeChecked
902,Annabella,80,62,87,72,ToBeChecked
579,Tillie,81,63,88,73,ToBeChecked
777,Horace,82,64,89,74,ToBeChecked
836,Talbert,83,65,90,75,ToBeChecked
238,Bryan,84,66,91,76,ToBeChecked
647,Woodrow,85,67,92,77,ToBeChecked
590,Tod,86,68,93,78,ToBeChecked
536,Salvidor,87,69,94,79,ToBeChecked
631,Adan,88,70,95,80,ToBeChecked
405,Karil,89,71,96,81,ToBeChecked
23,Dolly,90,72,97,82,ToBeChecked
811,Zebadiah,91,73,98,83,ToBeChecked
102,Emmy,92,74,99,84,ToBeChecked
358,Stephan,93,75,100,85,ToBeChecked
755,Milo,94,76,50,86,ToBeChecked
798,Ophelie,95,77,51,87,ToBeChecked
37,Abel,96,78,52,88,ToBeChecked
204,Gertie,97,79,53,89,ToBeChecked
381,Bekki,98,80,54,90,ToBeChecked
858,Robert,99,81,55,91,ToBeChecked
813,Eugen,100,82,56,92,ToBeChecked
373,Inna,40,83,57,93,ToBeChecked
695,Fifi,41,84,58,94,ToBeChecked
954,Gilberta,42,85,59,95,ToBeChecked
774,Sylvan,43,86,60,96,ToBeChecked
833,Kimble,44,87,61,97,ToBeChecked
307,Irina,45,88,62,98,ToBeChecked
106,Kari,46,89,63,99,ToBeChecked
241,Lyndsay,47,90,64,100,ToBeChecked
864,Deeann,48,91,65,60,ToBeChecked
18,Viviana,49,92,66,61,ToBeChecked
42,Guendolen,50,93,67,62,ToBeChecked
471,Bartholomeo,51,94,68,63,ToBeChecked
432,Meggi,52,95,69,64,ToBeChecked
729,Adriena,53,96,70,65,ToBeChecked
150,Thorvald,54,97,71,66,ToBeChecked
560,Elden,55,98,72,67,ToBeChecked
458,Drucill,56,99,73,68,ToBeChecked
481,Shalom,57,100,74,69,ToBeChecked
671,Myron,58,30,75,70,ToBeChecked
47,Fran,59,31,76,71,ToBeChecked
848,Margarete,60,32,77,72,ToBeChecked
52,Mela,61,33,78,73,ToBeChecked
161,Thalia,62,34,79,74,ToBeChecked
546,Stevie,63,35,80,75,ToBeChecked
